analysis_unit_id,data_year,community_area_num,community_area_name,police_district_num,boundary_group,boundary_definition,longitude,latitude,coordinate_method,intersection_area_km2,community_area_km2,area_share_of_community_raw,allocation_share_normalized,distance_to_police_boundary_km,within_1km_of_boundary,crime_count,violent_crime_count,property_crime_count,weapons_crime_count,narcotics_crime_count,other_crime_count,arrest_count,domestic_count,with_coordinates_count,missing_coordinates_count,unique_primary_type_count,population_est_area_weighted,families_est_area_weighted,log_population_offset,crime_rate_per_1000_est,population_density_per_km2_est,low_income_family_share_community,black_share_community,hispanic_share_community,white_non_hispanic_share_community,child_share_community,senior_share_community,acs_year,model_include_recommended,model_exclusion_reason,boundary_geometry_snapshot_note,source_url
CA01_D24,2023,1,ROGERS PARK,24,D24,City of Chicago current police district polygon; cross-district pairs are different-side pairs,-87.67016783599325,42.0096178313866,center_of_mass,4.752626,4.754845,0.99953327,1,0.802071,1,4648,1364,2837,48,63,336,625,642,4612,36,23,53169,9763,10.8812308,87.4194,11187.289,0.10632,0.255826,0.199345,0.435555,0.174369,0.111305,2023,1,,Official current police district boundaries downloaded 2026-07-15; not a historical 2023 boundary archive,https://data.cityofchicago.org/Public-Safety/Crimes-2001-to-Present/ijzp-q8t2
CA02_D20,2023,2,WEST RIDGE,20,D20,City of Chicago current police district polygon; cross-district pairs are different-side pairs,-87.6947226179488,41.987248949808375,center_of_mass,1.24244,9.130306,0.13607874,0.13660191,0.358099,1,451,136,279,3,10,23,67,63,448,3,18,10821.603,2462.659,9.2892997,41.6759,8709.96,0.11582,0.117521,0.221295,0.39745,0.271851,0.136986,2023,1,,Official current police district boundaries downloaded 2026-07-15; not a historical 2023 boundary archive,https://data.cityofchicago.org/Public-Safety/Crimes-2001-to-Present/ijzp-q8t2
CA02_D24,2023,2,WEST RIDGE,24,D24,City of Chicago current police district polygon; cross-district pairs are different-side pairs,-87.6943523033152,42.00385850152106,center_of_mass,7.852897,9.130306,0.86009139,0.86339809,1.239866,0,3578,1046,2199,37,30,266,318,575,3551,27,22,68398.397,15565.341,11.13310467,52.3112,8709.957,0.11582,0.117521,0.221295,0.39745,0.271851,0.136986,2023,1,,Official current police district boundaries downloaded 2026-07-15; not a historical 2023 boundary archive,https://data.cityofchicago.org/Public-Safety/Crimes-2001-to-Present/ijzp-q8t2
CA03_D19,2023,3,UPTOWN,19,D19,City of Chicago current police district polygon; cross-district pairs are different-side pairs,-87.65406616859866,41.962579638142685,center_of_mass,4.090724,6.038284,0.67746456,0.67955524,0.724897,1,3197,961,2005,24,32,175,402,360,3171,26,24,35794.893,6223.367,10.4855605,89.3144,8750.259,0.150579,0.205946,0.143486,0.520883,0.120781,0.104985,2023,1,,Official current police district boundaries downloaded 2026-07-15; not a historical 2023 boundary archive,https://data.cityofchicago.org/Public-Safety/Crimes-2001-to-Present/ijzp-q8t2
CA03_D20,2023,3,UPTOWN,20,D20,City of Chicago current police district polygon; cross-district pairs are different-side pairs,-87.65992661005205,41.97270978367947,center_of_mass,1.928984,6.038284,0.3194589,0.32044476,0.410135,1,1416,447,871,8,10,80,172,132,1402,14,19,16879.107,2934.633,9.73383189,83.8907,8750.258,0.150579,0.205946,0.143486,0.520883,0.120781,0.104985,2023,1,,Official current police district boundaries downloaded 2026-07-15; not a historical 2023 boundary archive,https://data.cityofchicago.org/Public-Safety/Crimes-2001-to-Present/ijzp-q8t2
CA04_D19,2023,4,LINCOLN SQUARE,19,D19,City of Chicago current police district polygon; cross-district pairs are different-side pairs,-87.6858364986456,41.965184346955425,center_of_mass,1.568462,6.618688,0.23697479,0.23697489,0.386087,1,690,169,487,1,5,28,54,42,685,5,16,9995.601,2214.056,9.20990034,69.0304,6372.868,0.06165,0.038478,0.197037,0.611095,0.169298,0.099597,2023,1,,Official current police district boundaries downloaded 2026-07-15; not a historical 2023 boundary archive,https://data.cityofchicago.org/Public-Safety/Crimes-2001-to-Present/ijzp-q8t2
CA04_D20,2023,4,LINCOLN SQUARE,20,D20,City of Chicago current police district polygon; cross-district pairs are different-side pairs,-87.68803676612985,41.97827263774772,center_of_mass,5.050223,6.618688,0.7630248,0.76302511,1.071673,0,1528,456,955,10,23,84,211,184,1522,6,22,32184.399,7128.944,10.37923711,47.4764,6372.867,0.06165,0.038478,0.197037,0.611095,0.169298,0.099597,2023,1,,Official current police district boundaries downloaded 2026-07-15; not a historical 2023 boundary archive,https://data.cityofchicago.org/Public-Safety/Crimes-2001-to-Present/ijzp-q8t2
CA05_D19,2023,5,NORTH CENTER,19,D19,City of Chicago current police district polygon; cross-district pairs are different-side pairs,-87.68383516350596,41.94779236222185,center_of_mass,5.292402,5.292411,0.99999846,1,1.027929,0,1498,311,1087,6,5,89,88,126,1486,12,21,35782,8598,10.48520026,41.8646,6761.013,0.041289,0.02532,0.126209,0.730423,0.261808,0.074535,2023,1,,Official current police district boundaries downloaded 2026-07-15; not a historical 2023 boundary archive,https://data.cityofchicago.org/Public-Safety/Crimes-2001-to-Present/ijzp-q8t2
CA06_D19,2023,6,LAKE VIEW,19,D19,City of Chicago current police district polygon; cross-district pairs are different-side pairs,-87.65604674399361,41.94422701059949,center_of_mass,8.070983,8.090102,0.99763674,1,1.219382,0,6568,1398,4821,19,22,308,465,355,6530,38,27,90652,14856,11.41478328,72.4529,11231.841,0.042205,0.043165,0.099049,0.747739,0.125855,0.082337,2023,1,,Official current police district boundaries downloaded 2026-07-15; not a historical 2023 boundary archive,https://data.cityofchicago.org/Public-Safety/Crimes-2001-to-Present/ijzp-q8t2
CA07_D18,2023,7,LINCOLN PARK,18,D18,City of Chicago current police district polygon; cross-district pairs are different-side pairs,-87.64612908597759,41.918600702372125,center_of_mass,5.007247,8.192315,0.61121268,0.61177885,0.766609,1,2135,426,1600,15,11,83,124,99,2116,19,22,37971.278,6822.558,10.5445853,56.2267,7583.264,0.027708,0.036783,0.068861,0.790726,0.155348,0.093882,2023,1,,Official current police district boundaries downloaded 2026-07-15; not a historical 2023 boundary archive,https://data.cityofchicago.org/Public-Safety/Crimes-2001-to-Present/ijzp-q8t2
CA07_D19,2023,7,LINCOLN PARK,19,D19,City of Chicago current police district polygon; cross-district pairs are different-side pairs,-87.65482890061364,41.92910557596125,center_of_mass,3.177487,8.192315,0.38786188,0.38822116,0.416942,1,1803,291,1457,7,2,46,91,79,1791,12,19,24095.723,4329.442,10.08978962,74.8266,7583.264,0.027708,0.036783,0.068861,0.790726,0.155348,0.093882,2023,1,,Official current police district boundaries downloaded 2026-07-15; not a historical 2023 boundary archive,https://data.cityofchicago.org/Public-Safety/Crimes-2001-to-Present/ijzp-q8t2
CA08_D14,2023,8,NEAR NORTH SIDE,14,D14,City of Chicago current police district polygon; cross-district pairs are different-side pairs,-87.65795542255316,41.90706557014226,point_on_feature_fallback,0.017813,7.112541,0.00250444,0.00250461,0,1,0,0,0,0,0,0,0,0,0,0,0,229.51,40.091,5.43594793,0,12884.427,0.052914,0.070213,0.072723,0.684258,0.068686,0.156916,2023,1,,Official current police district boundaries downloaded 2026-07-15; not a historical 2023 boundary archive,https://data.cityofchicago.org/Public-Safety/Crimes-2001-to-Present/ijzp-q8t2
CA08_D18,2023,8,NEAR NORTH SIDE,18,D18,City of Chicago current police district polygon; cross-district pairs are different-side pairs,-87.6332486236829,41.89957762398817,center_of_mass,7.094234,7.112541,0.99742609,0.99749539,0.932076,1,11196,2769,7462,246,181,538,1740,801,11100,96,27,91405.49,15966.909,11.42306082,122.4872,12884.476,0.052914,0.070213,0.072723,0.684258,0.068686,0.156916,2023,1,,Official current police district boundaries downloaded 2026-07-15; not a historical 2023 boundary archive,https://data.cityofchicago.org/Public-Safety/Crimes-2001-to-Present/ijzp-q8t2
CA09_D16,2023,9,EDISON PARK,16,D16,City of Chicago current police district polygon; cross-district pairs are different-side pairs,-87.81377979814454,42.00761221875675,center_of_mass,2.934148,2.934656,0.99982681,1,0.586405,1,294,66,176,0,1,51,29,57,291,3,19,11398,2938,9.34119318,25.794,3884.603,0.041865,0.004387,0.14678,0.803825,0.222846,0.145815,2023,1,,Official current police district boundaries downloaded 2026-07-15; not a historical 2023 boundary archive,https://data.cityofchicago.org/Public-Safety/Crimes-2001-to-Present/ijzp-q8t2
CA10_D16,2023,10,NORWOOD PARK,16,D16,City of Chicago current police district polygon; cross-district pairs are different-side pairs,-87.80192436580272,41.985577430563865,center_of_mass,11.310374,11.313237,0.999747,0.99975911,1.29902,0,1283,338,782,7,12,144,113,217,1257,26,21,40064.346,10602.445,10.5982421,32.0235,3542.265,0.072702,0.012851,0.19469,0.698358,0.23217,0.198408,2023,1,,Official current police district boundaries downloaded 2026-07-15; not a historical 2023 boundary archive,https://data.cityofchicago.org/Public-Safety/Crimes-2001-to-Present/ijzp-q8t2
CA10_D31,2023,10,NORWOOD PARK,31,D31,City of Chicago current police district polygon; cross-district pairs are different-side pairs,-87.81939805927755,41.974222571398016,point_on_feature_fallback,0.002725,11.313237,0.00024089,0.00024089,0,1,0,0,0,0,0,0,0,0,0,0,0,9.654,2.555,2.26732497,0,3542.584,0.072702,0.012851,0.19469,0.698358,0.23217,0.198408,2023,0,intersection_area_below_0.01_km2;estimated_population_below_100,Official current police district boundaries downloaded 2026-07-15; not a historical 2023 boundary archive,https://data.cityofchicago.org/Public-Safety/Crimes-2001-to-Present/ijzp-q8t2
CA11_D16,2023,11,JEFFERSON PARK,16,D16,City of Chicago current police district polygon; cross-district pairs are different-side pairs,-87.77116691761377,41.97882998258761,center_of_mass,6.017309,6.017309,0.99999998,1,1.73274,0,1146,318,719,8,14,87,95,186,1139,7,20,26991,6795,10.20325876,42.4586,4485.56,0.076674,0.025749,0.251417,0.568523,0.203364,0.154829,2023,1,,Official current police district boundaries downloaded 2026-07-15; not a historical 2023 boundary archive,https://data.cityofchicago.org/Public-Safety/Crimes-2001-to-Present/ijzp-q8t2
CA12_D16,2023,12,FOREST GLEN,16,D16,City of Chicago current police district polygon; cross-district pairs are different-side pairs,-87.76439006804964,41.994855146604394,center_of_mass,6.210447,8.267925,0.75114942,0.75165738,0.738051,1,352,64,247,5,1,35,23,43,349,3,19,14855.005,3943.195,9.60609212,23.6957,2391.938,0.030881,0.009766,0.107929,0.735111,0.252138,0.181501,2023,1,,Official current police district boundaries downloaded 2026-07-15; not a historical 2023 boundary archive,https://data.cityofchicago.org/Public-Safety/Crimes-2001-to-Present/ijzp-q8t2
CA12_D17,2023,12,FOREST GLEN,17,D17,City of Chicago current police district polygon; cross-district pairs are different-side pairs,-87.74092281122134,41.98743380895734,center_of_mass,2.051891,8.267925,0.24817479,0.24834262,0.610843,1,187,36,134,1,2,14,9,26,186,1,15,4907.995,1302.805,8.49862082,38.1011,2391.938,0.030881,0.009766,0.107929,0.735111,0.252138,0.181501,2023,1,,Official current police district boundaries downloaded 2026-07-15; not a historical 2023 boundary archive,https://data.cityofchicago.org/Public-Safety/Crimes-2001-to-Present/ijzp-q8t2
CA13_D17,2023,13,NORTH PARK,17,D17,City of Chicago current police district polygon; cross-district pairs are different-side pairs,-87.72358281856197,41.98363645493538,center_of_mass,6.520062,6.520062,0.99999996,1,1.329552,0,933,285,565,7,11,65,70,165,929,4,19,19259,4304,9.86573376,48.4449,2953.806,0.090846,0.027623,0.176437,0.445402,0.22618,0.184745,2023,1,,Official current police district boundaries downloaded 2026-07-15; not a historical 2023 boundary archive,https://data.cityofchicago.org/Public-Safety/Crimes-2001-to-Present/ijzp-q8t2
CA14_D17,2023,14,ALBANY PARK,17,D17,City of Chicago current police district polygon; cross-district pairs are different-side pairs,-87.72155977890334,41.96806846519042,center_of_mass,4.966655,4.966656,0.99999976,1,1.548769,0,2575,817,1501,44,34,179,273,464,2552,23,23,47830,10671,10.77540833,53.8365,9630.224,0.11892,0.046582,0.441313,0.336922,0.203052,0.111666,2023,1,,Official current police district boundaries downloaded 2026-07-15; not a historical 2023 boundary archive,https://data.cityofchicago.org/Public-Safety/Crimes-2001-to-Present/ijzp-q8t2
CA15_D16,2023,15,PORTAGE PARK,16,D16,City of Chicago current police district polygon; cross-district pairs are different-side pairs,-87.76504689719444,41.9544784848138,center_of_mass,9.380382,10.22207,0.91765972,0.91765975,1.464551,0,3123,873,1839,38,57,316,333,571,3097,26,25,58914.674,14053.041,10.98384546,53.0089,6280.626,0.059357,0.01824,0.428654,0.466613,0.203346,0.139094,2023,1,,Official current police district boundaries downloaded 2026-07-15; not a historical 2023 boundary archive,https://data.cityofchicago.org/Public-Safety/Crimes-2001-to-Present/ijzp-q8t2
CA15_D17,2023,15,PORTAGE PARK,17,D17,City of Chicago current police district polygon; cross-district pairs are different-side pairs,-87.74506744519742,41.95056903179512,center_of_mass,0.841688,10.22207,0.08234025,0.08234025,0.179308,1,420,98,255,4,11,52,74,41,417,3,19,5286.327,1260.959,8.57287887,79.4503,6280.625,0.059357,0.01824,0.428654,0.466613,0.203346,0.139094,2023,1,,Official current police district boundaries downloaded 2026-07-15; not a historical 2023 boundary archive,https://data.cityofchicago.org/Public-Safety/Crimes-2001-to-Present/ijzp-q8t2
CA16_D17,2023,16,IRVING PARK,17,D17,City of Chicago current police district polygon; cross-district pairs are different-side pairs,-87.72345098390137,41.95358118008732,center_of_mass,8.311962,8.312515,0.9999335,1,1.605517,0,2833,826,1715,43,35,214,278,458,2808,25,26,53535,12614,10.88809092,52.9187,6440.718,0.081497,0.038722,0.385486,0.45163,0.218063,0.108546,2023,1,,Official current police district boundaries downloaded 2026-07-15; not a historical 2023 boundary archive,https://data.cityofchicago.org/Public-Safety/Crimes-2001-to-Present/ijzp-q8t2
CA17_D16,2023,17,DUNNING,16,D16,City of Chicago current police district polygon; cross-district pairs are different-side pairs,-87.80582740178781,41.94686601579197,center_of_mass,9.28973,9.609828,0.96669056,0.9666906,0.666645,1,1725,445,1049,13,27,191,146,298,1704,21,22,41130.752,10710.932,10.62451134,41.9394,4427.551,0.068682,0.029919,0.343447,0.554503,0.194087,0.165766,2023,1,,Official current police district boundaries downloaded 2026-07-15; not a historical 2023 boundary archive,https://data.cityofchicago.org/Public-Safety/Crimes-2001-to-Present/ijzp-q8t2
CA17_D25,2023,17,DUNNING,25,D25,City of Chicago current police district polygon; cross-district pairs are different-side pairs,-87.79658281744283,41.93814502067938,point_on_feature_fallback,0.320098,9.609828,0.03330939,0.03330939,0,1,52,13,31,1,0,7,3,12,50,2,11,1417.248,369.068,7.25647224,36.6908,4427.544,0.068682,0.029919,0.343447,0.554503,0.194087,0.165766,2023,1,,Official current police district boundaries downloaded 2026-07-15; not a historical 2023 boundary archive,https://data.cityofchicago.org/Public-Safety/Crimes-2001-to-Present/ijzp-q8t2
CA18_D25,2023,18,MONTCLARE,25,D25,City of Chicago current police district polygon; cross-district pairs are different-side pairs,-87.79803232465039,41.92929769036439,center_of_mass,2.558088,2.558088,0.99999991,1,0.695419,1,714,179,455,15,4,61,52,151,709,5,21,13755,3202,9.52915767,51.9084,5377.063,0.097439,0.06703,0.546347,0.340458,0.220356,0.17361,2023,1,,Official current police district boundaries downloaded 2026-07-15; not a historical 2023 boundary archive,https://data.cityofchicago.org/Public-Safety/Crimes-2001-to-Present/ijzp-q8t2
CA19_D25,2023,19,BELMONT CRAGIN,25,D25,City of Chicago current police district polygon; cross-district pairs are different-side pairs,-87.7655018368987,41.92726074151695,center_of_mass,10.120406,10.120406,1,1,1.2592,0,4978,1627,2552,161,67,571,643,960,4948,30,25,73988,16346,11.2116582,67.2812,7310.774,0.096966,0.045548,0.777302,0.145726,0.253838,0.118235,2023,1,,Official current police district boundaries downloaded 2026-07-15; not a historical 2023 boundary archive,https://data.cityofchicago.org/Public-Safety/Crimes-2001-to-Present/ijzp-q8t2
CA20_D25,2023,20,HERMOSA,25,D25,City of Chicago current police district polygon; cross-district pairs are different-side pairs,-87.73474016018261,41.92434775694978,center_of_mass,3.024254,3.024254,1,1,1.46845,0,1622,590,819,66,14,133,190,317,1613,9,25,23200,5214,10.05190756,69.9138,7671.313,0.105293,0.046853,0.800776,0.123534,0.232672,0.13069,2023,1,,Official current police district boundaries downloaded 2026-07-15; not a historical 2023 boundary archive,https://data.cityofchicago.org/Public-Safety/Crimes-2001-to-Present/ijzp-q8t2
CA21_D14,2023,21,AVONDALE,14,D14,City of Chicago current police district polygon; cross-district pairs are different-side pairs,-87.7032154122308,41.93559873157563,center_of_mass,1.885467,5.128861,0.36761913,0.36761913,0.418346,1,693,242,394,4,4,49,53,132,689,4,19,13362.955,2856.768,9.50024164,51.8598,7087.345,0.088663,0.025502,0.511857,0.377387,0.177001,0.082256,2023,1,,Official current police district boundaries downloaded 2026-07-15; not a historical 2023 boundary archive,https://data.cityofchicago.org/Public-Safety/Crimes-2001-to-Present/ijzp-q8t2
CA21_D17,2023,21,AVONDALE,17,D17,City of Chicago current police district polygon; cross-district pairs are different-side pairs,-87.71288537107267,41.94269519538254,center_of_mass,2.164919,5.128861,0.42210531,0.42210531,0.380782,1,920,195,660,11,14,40,102,93,911,9,19,15343.528,3280.18,9.63844904,59.9601,7087.345,0.088663,0.025502,0.511857,0.377387,0.177001,0.082256,2023,1,,Official current police district boundaries downloaded 2026-07-15; not a historical 2023 boundary archive,https://data.cityofchicago.org/Public-Safety/Crimes-2001-to-Present/ijzp-q8t2
CA21_D25,2023,21,AVONDALE,25,D25,City of Chicago current police district polygon; cross-district pairs are different-side pairs,-87.72534879045804,41.935597611307045,center_of_mass,1.078474,5.128861,0.21027556,0.21027556,0.391335,1,611,191,366,16,5,33,49,112,607,4,16,7643.517,1634.051,8.94161307,79.937,7087.344,0.088663,0.025502,0.511857,0.377387,0.177001,0.082256,2023,1,,Official current police district boundaries downloaded 2026-07-15; not a historical 2023 boundary archive,https://data.cityofchicago.org/Public-Safety/Crimes-2001-to-Present/ijzp-q8t2
CA22_D14,2023,22,LOGAN SQUARE,14,D14,City of Chicago current police district polygon; cross-district pairs are different-side pairs,-87.69402982721655,41.922492661353346,center_of_mass,7.597155,9.28154,0.81852308,0.81852325,1.356515,0,4365,1079,3025,31,20,210,451,420,4322,43,25,58404.908,11316.084,10.97515521,74.7369,7687.734,0.091067,0.061034,0.347675,0.512515,0.163803,0.07879,2023,1,,Official current police district boundaries downloaded 2026-07-15; not a historical 2023 boundary archive,https://data.cityofchicago.org/Public-Safety/Crimes-2001-to-Present/ijzp-q8t2
CA22_D25,2023,22,LOGAN SQUARE,25,D25,City of Chicago current police district polygon; cross-district pairs are different-side pairs,-87.72258947304321,41.92380248417343,center_of_mass,1.684383,9.28154,0.18147671,0.18147675,0.464788,1,891,285,513,23,9,61,87,174,878,13,23,12949.092,2508.916,9.46878094,68.8079,7687.736,0.091067,0.061034,0.347675,0.512515,0.163803,0.07879,2023,1,,Official current police district boundaries downloaded 2026-07-15; not a historical 2023 boundary archive,https://data.cityofchicago.org/Public-Safety/Crimes-2001-to-Present/ijzp-q8t2
CA23_D11,2023,23,HUMBOLDT PARK,11,D11,City of Chicago current police district polygon; cross-district pairs are different-side pairs,-87.72376970016543,41.89535500855558,center_of_mass,4.637784,9.320899,0.49756828,0.49756828,0.815814,1,4021,1423,1420,157,754,267,1180,766,3989,32,23,27373.719,5948.926,10.21733867,146.8927,5902.327,0.17556,0.360429,0.497846,0.117931,0.267073,0.094302,2023,1,,Official current police district boundaries downloaded 2026-07-15; not a historical 2023 boundary archive,https://data.cityofchicago.org/Public-Safety/Crimes-2001-to-Present/ijzp-q8t2
CA23_D12,2023,23,HUMBOLDT PARK,12,D12,City of Chicago current police district polygon; cross-district pairs are different-side pairs,-87.70047100850121,41.89336300259183,center_of_mass,1.055873,9.320899,0.11328012,0.11328012,0.498071,1,414,125,237,10,20,22,45,53,414,0,16,6232.106,1354.377,8.73746956,66.4302,5902.325,0.17556,0.360429,0.497846,0.117931,0.267073,0.094302,2023,1,,Official current police district boundaries downloaded 2026-07-15; not a historical 2023 boundary archive,https://data.cityofchicago.org/Public-Safety/Crimes-2001-to-Present/ijzp-q8t2
CA23_D14,2023,23,HUMBOLDT PARK,14,D14,City of Chicago current police district polygon; cross-district pairs are different-side pairs,-87.70998260208552,41.908664075215185,center_of_mass,1.138934,9.320899,0.12219143,0.12219143,0.560683,1,834,277,451,30,15,61,92,161,826,8,19,6722.362,1460.921,8.81319479,124.0635,5902.328,0.17556,0.360429,0.497846,0.117931,0.267073,0.094302,2023,1,,Official current police district boundaries downloaded 2026-07-15; not a historical 2023 boundary archive,https://data.cityofchicago.org/Public-Safety/Crimes-2001-to-Present/ijzp-q8t2
CA23_D25,2023,23,HUMBOLDT PARK,25,D25,City of Chicago current police district polygon; cross-district pairs are different-side pairs,-87.72902690536466,41.908102848809186,center_of_mass,2.488309,9.320899,0.26696017,0.26696017,0.608558,1,1725,705,740,62,53,165,263,335,1712,13,22,14686.814,3191.776,9.59470535,117.4523,5902.327,0.17556,0.360429,0.497846,0.117931,0.267073,0.094302,2023,1,,Official current police district boundaries downloaded 2026-07-15; not a historical 2023 boundary archive,https://data.cityofchicago.org/Public-Safety/Crimes-2001-to-Present/ijzp-q8t2
CA24_D12,2023,24,WEST TOWN,12,D12,City of Chicago current police district polygon; cross-district pairs are different-side pairs,-87.67287342006136,41.89598387520996,center_of_mass,6.94842,11.83299,0.58720744,0.58720744,0.808683,1,4547,1111,3210,28,18,180,213,328,4522,25,24,50765.845,9707.126,10.83497907,89.5681,7306.099,0.063578,0.069853,0.197784,0.630458,0.130799,0.065458,2023,1,,Official current police district boundaries downloaded 2026-07-15; not a historical 2023 boundary archive,https://data.cityofchicago.org/Public-Safety/Crimes-2001-to-Present/ijzp-q8t2
CA24_D14,2023,24,WEST TOWN,14,D14,City of Chicago current police district polygon; cross-district pairs are different-side pairs,-87.6813118011619,41.90863490655022,center_of_mass,4.88457,11.83299,0.41279255,0.41279255,0.613079,1,3476,841,2350,65,42,178,346,292,3448,28,24,35687.155,6823.874,10.48254609,97.402,7306.1,0.063578,0.069853,0.197784,0.630458,0.130799,0.065458,2023,1,,Official current police district boundaries downloaded 2026-07-15; not a historical 2023 boundary archive,https://data.cityofchicago.org/Public-Safety/Crimes-2001-to-Present/ijzp-q8t2
CA25_D11,2023,25,AUSTIN,11,D11,City of Chicago current police district polygon; cross-district pairs are different-side pairs,-87.74290257044004,41.883902387383465,center_of_mass,1.666671,18.483582,0.09017032,0.09017033,0.207001,1,972,347,352,70,48,155,281,164,961,11,22,9042.1,1980.321,9.10964677,107.4971,5425.246,0.250706,0.73398,0.195367,0.053711,0.244939,0.149445,2023,1,,Official current police district boundaries downloaded 2026-07-15; not a historical 2023 boundary archive,https://data.cityofchicago.org/Public-Safety/Crimes-2001-to-Present/ijzp-q8t2
CA25_D15,2023,25,AUSTIN,15,D15,City of Chicago current police district polygon; cross-district pairs are different-side pairs,-87.76008750610745,41.88392625496056,center_of_mass,9.874205,18.483582,0.53421493,0.53421499,1.215024,0,8280,3361,3642,354,350,573,1203,2341,8208,72,27,53570.011,11732.43,10.88874469,154.5641,5425.248,0.250706,0.73398,0.195367,0.053711,0.244939,0.149445,2023,1,,Official current police district boundaries downloaded 2026-07-15; not a historical 2023 boundary archive,https://data.cityofchicago.org/Public-Safety/Crimes-2001-to-Present/ijzp-q8t2
CA25_D25,2023,25,AUSTIN,25,D25,City of Chicago current police district polygon; cross-district pairs are different-side pairs,-87.77226069769044,41.91101385044526,center_of_mass,6.942704,18.483582,0.37561464,0.37561468,0.338582,1,3448,1125,1753,169,76,325,427,636,3425,23,24,37665.889,8249.25,10.53651016,91.5417,5425.248,0.250706,0.73398,0.195367,0.053711,0.244939,0.149445,2023,1,,Official current police district boundaries downloaded 2026-07-15; not a historical 2023 boundary archive,https://data.cityofchicago.org/Public-Safety/Crimes-2001-to-Present/ijzp-q8t2
CA26_D11,2023,26,WEST GARFIELD PARK,11,D11,City of Chicago current police district polygon; cross-district pairs are different-side pairs,-87.7302325118984,41.87859466819958,center_of_mass,3.348101,3.348101,1,1,1.239484,0,4011,1543,1465,224,479,300,1008,932,3981,30,26,16345,3456,9.70167732,245.3961,4881.872,0.303241,0.920587,0.053717,0.02123,0.238054,0.134598,2023,1,,Official current police district boundaries downloaded 2026-07-15; not a historical 2023 boundary archive,https://data.cityofchicago.org/Public-Safety/Crimes-2001-to-Present/ijzp-q8t2
CA27_D11,2023,27,EAST GARFIELD PARK,11,D11,City of Chicago current police district polygon; cross-district pairs are different-side pairs,-87.70755224803335,41.87752735829606,center_of_mass,4.035779,4.998373,0.80741853,0.80741853,0.400974,1,3605,1436,1568,143,228,230,623,859,3580,25,23,16031.295,3387.121,9.68229802,224.8727,3972.293,0.337545,0.851725,0.077311,0.056913,0.267842,0.10617,2023,1,,Official current police district boundaries downloaded 2026-07-15; not a historical 2023 boundary archive,https://data.cityofchicago.org/Public-Safety/Crimes-2001-to-Present/ijzp-q8t2
CA27_D12,2023,27,EAST GARFIELD PARK,12,D12,City of Chicago current police district polygon; cross-district pairs are different-side pairs,-87.69895905279824,41.884730263253296,center_of_mass,0.962594,4.998373,0.19258147,0.19258147,0.409201,1,631,242,331,10,12,36,55,108,627,4,20,3823.705,807.879,8.24897515,165.0232,3972.293,0.337545,0.851725,0.077311,0.056913,0.267842,0.10617,2023,1,,Official current police district boundaries downloaded 2026-07-15; not a historical 2023 boundary archive,https://data.cityofchicago.org/Public-Safety/Crimes-2001-to-Present/ijzp-q8t2
CA28_D01,2023,28,NEAR WEST SIDE,1,D01,City of Chicago current police district polygon; cross-district pairs are different-side pairs,-87.64029357684178,41.87207203061474,center_of_mass,2.0008,14.702129,0.13608917,0.13608929,0.345787,1,1751,427,1162,22,31,109,243,103,1734,17,22,8896.157,1625.995,9.09337465,196.8266,4446.3,0.128222,0.246275,0.103702,0.432645,0.138642,0.065948,2023,1,,Official current police district boundaries downloaded 2026-07-15; not a historical 2023 boundary archive,https://data.cityofchicago.org/Public-Safety/Crimes-2001-to-Present/ijzp-q8t2
CA28_D10,2023,28,NEAR WEST SIDE,10,D10,City of Chicago current police district polygon; cross-district pairs are different-side pairs,-87.68772798360854,41.86319751850833,center_of_mass,0.192766,14.702129,0.01311142,0.01311143,0.147857,1,49,19,25,3,0,2,6,1,49,0,10,857.094,156.655,6.75354792,57.1699,4446.294,0.128222,0.246275,0.103702,0.432645,0.138642,0.065948,2023,1,,Official current police district boundaries downloaded 2026-07-15; not a historical 2023 boundary archive,https://data.cityofchicago.org/Public-Safety/Crimes-2001-to-Present/ijzp-q8t2
CA28_D11,2023,28,NEAR WEST SIDE,11,D11,City of Chicago current police district polygon; cross-district pairs are different-side pairs,-87.68875469594832,41.873898111953686,center_of_mass,0.674743,14.702129,0.04589421,0.04589425,0.208633,1,604,167,361,25,9,42,74,109,602,2,19,3000.107,548.345,8.00640328,201.3261,4446.296,0.128222,0.246275,0.103702,0.432645,0.138642,0.065948,2023,1,,Official current police district boundaries downloaded 2026-07-15; not a historical 2023 boundary archive,https://data.cityofchicago.org/Public-Safety/Crimes-2001-to-Present/ijzp-q8t2
CA28_D12,2023,28,NEAR WEST SIDE,12,D12,City of Chicago current police district polygon; cross-district pairs are different-side pairs,-87.66272349925715,41.873561350544,center_of_mass,11.833807,14.702129,0.80490432,0.80490503,1.491715,0,8019,2271,5098,101,63,486,606,871,7958,61,26,52616.642,9617.005,10.87078773,152.4043,4446.299,0.128222,0.246275,0.103702,0.432645,0.138642,0.065948,2023,1,,Official current police district boundaries downloaded 2026-07-15; not a historical 2023 boundary archive,https://data.cityofchicago.org/Public-Safety/Crimes-2001-to-Present/ijzp-q8t2
CA29_D10,2023,29,NORTH LAWNDALE,10,D10,City of Chicago current police district polygon; cross-district pairs are different-side pairs,-87.71733421744696,41.85859015605031,center_of_mass,6.855212,8.301183,0.82581142,0.8275193,0.854499,1,5918,2359,2479,328,350,402,1155,1647,5876,42,24,25119.348,5418.596,10.13139368,235.5953,3664.27,0.270617,0.79183,0.14538,0.053171,0.258738,0.122813,2023,1,,Official current police district boundaries downloaded 2026-07-15; not a historical 2023 boundary archive,https://data.cityofchicago.org/Public-Safety/Crimes-2001-to-Present/ijzp-q8t2
CA29_D11,2023,29,NORTH LAWNDALE,11,D11,City of Chicago current police district polygon; cross-district pairs are different-side pairs,-87.71640048596636,41.86791204313893,center_of_mass,1.428839,8.301183,0.17212472,0.1724807,0.180849,1,1232,435,428,65,202,102,342,256,1173,59,23,5235.652,1129.404,8.56324657,235.3098,3664.27,0.270617,0.79183,0.14538,0.053171,0.258738,0.122813,2023,1,,Official current police district boundaries downloaded 2026-07-15; not a historical 2023 boundary archive,https://data.cityofchicago.org/Public-Safety/Crimes-2001-to-Present/ijzp-q8t2
CA30_D08,2023,30,SOUTH LAWNDALE,8,D08,City of Chicago current police district polygon; cross-district pairs are different-side pairs,-87.7264276804657,41.82366189912676,center_of_mass,0.507274,11.873645,0.04272268,0.04274534,0.118966,1,0,0,0,0,0,0,0,0,0,0,0,2973.109,577.532,7.99736364,0,5860.954,0.193028,0.120353,0.819392,0.053786,0.213704,0.134385,2023,1,,Official current police district boundaries downloaded 2026-07-15; not a historical 2023 boundary archive,https://data.cityofchicago.org/Public-Safety/Crimes-2001-to-Present/ijzp-q8t2
CA30_D09,2023,30,SOUTH LAWNDALE,9,D09,City of Chicago current police district polygon; cross-district pairs are different-side pairs,-87.70124479864796,41.831577286996016,center_of_mass,0.577973,11.873645,0.04867699,0.04870281,0.118917,1,4,0,4,0,0,0,1,0,4,0,3,3387.475,658.024,8.12784015,1.1808,5860.958,0.193028,0.120353,0.819392,0.053786,0.213704,0.134385,2023,1,,Official current police district boundaries downloaded 2026-07-15; not a historical 2023 boundary archive,https://data.cityofchicago.org/Public-Safety/Crimes-2001-to-Present/ijzp-q8t2
CA30_D10,2023,30,SOUTH LAWNDALE,10,D10,City of Chicago current police district polygon; cross-district pairs are different-side pairs,-87.71408672054899,41.84021331927827,center_of_mass,10.782103,11.873645,0.90807019,0.90855185,1.181101,0,4445,1782,1974,278,76,335,684,827,4397,48,26,63193.415,12275.444,11.05395539,70.3396,5860.955,0.193028,0.120353,0.819392,0.053786,0.213704,0.134385,2023,1,,Official current police district boundaries downloaded 2026-07-15; not a historical 2023 boundary archive,https://data.cityofchicago.org/Public-Safety/Crimes-2001-to-Present/ijzp-q8t2
CA31_D09,2023,31,LOWER WEST SIDE,9,D09,City of Chicago current police district polygon; cross-district pairs are different-side pairs,-87.66077764273908,41.84583641340928,point_on_feature_fallback,0.95101,7.564883,0.12571383,0.12571384,0,1,43,17,16,4,1,5,9,2,43,0,11,4296.522,907.025,8.36556112,10.0081,4517.851,0.12474,0.032712,0.692834,0.213916,0.170114,0.111713,2023,1,,Official current police district boundaries downloaded 2026-07-15; not a historical 2023 boundary archive,https://data.cityofchicago.org/Public-Safety/Crimes-2001-to-Present/ijzp-q8t2
CA31_D10,2023,31,LOWER WEST SIDE,10,D10,City of Chicago current police district polygon; cross-district pairs are different-side pairs,-87.67871843726708,41.84692590236803,center_of_mass,2.376143,7.564883,0.3141018,0.31410183,0.578672,1,663,245,343,21,7,47,91,81,656,7,21,10735.058,2266.245,9.28127012,61.7603,4517.85,0.12474,0.032712,0.692834,0.213916,0.170114,0.111713,2023,1,,Official current police district boundaries downloaded 2026-07-15; not a historical 2023 boundary archive,https://data.cityofchicago.org/Public-Safety/Crimes-2001-to-Present/ijzp-q8t2
CA31_D12,2023,31,LOWER WEST SIDE,12,D12,City of Chicago current police district polygon; cross-district pairs are different-side pairs,-87.66155050737281,41.85361471106025,center_of_mass,4.237728,7.564883,0.56018429,0.56018434,0.397076,1,2373,806,1323,79,21,144,229,292,2347,26,24,19145.42,4041.73,9.8598188,123.9461,4517.85,0.12474,0.032712,0.692834,0.213916,0.170114,0.111713,2023,1,,Official current police district boundaries downloaded 2026-07-15; not a historical 2023 boundary archive,https://data.cityofchicago.org/Public-Safety/Crimes-2001-to-Present/ijzp-q8t2
CA32_D01,2023,32,LOOP,1,D01,City of Chicago current police district polygon; cross-district pairs are different-side pairs,-87.6258637210464,41.878429550113744,center_of_mass,4.097113,4.298151,0.95322683,0.99357545,0.787876,1,8808,2083,5999,106,145,475,1820,369,8769,39,25,38038.043,6837.786,10.54634206,231.5577,9284.109,0.020052,0.081496,0.11224,0.537379,0.061854,0.099363,2023,1,,Official current police district boundaries downloaded 2026-07-15; not a historical 2023 boundary archive,https://data.cityofchicago.org/Public-Safety/Crimes-2001-to-Present/ijzp-q8t2
CA32_D18,2023,32,LOOP,18,D18,City of Chicago current police district polygon; cross-district pairs are different-side pairs,-87.62267066437619,41.888830796891874,point_on_feature_fallback,0.026492,4.298151,0.00616365,0.00642455,0,1,0,0,0,0,0,0,0,0,0,0,0,245.957,44.214,5.5051583,0,9284.214,0.020052,0.081496,0.11224,0.537379,0.061854,0.099363,2023,1,,Official current police district boundaries downloaded 2026-07-15; not a historical 2023 boundary archive,https://data.cityofchicago.org/Public-Safety/Crimes-2001-to-Present/ijzp-q8t2
CA33_D01,2023,33,NEAR SOUTH SIDE,1,D01,City of Chicago current police district polygon; cross-district pairs are different-side pairs,-87.62009593489798,41.857151595217914,center_of_mass,4.530136,4.616718,0.98124588,0.98124593,0.581855,1,2714,722,1710,66,22,194,321,286,2689,25,25,25813.637,5607.821,10.15865819,105.1382,5698.203,0.078215,0.250428,0.050709,0.506329,0.129775,0.118828,2023,1,,Official current police district boundaries downloaded 2026-07-15; not a historical 2023 boundary archive,https://data.cityofchicago.org/Public-Safety/Crimes-2001-to-Present/ijzp-q8t2
CA33_D09,2023,33,NEAR SOUTH SIDE,9,D09,City of Chicago current police district polygon; cross-district pairs are different-side pairs,-87.63283377598849,41.85889360456204,center_of_mass,0.086582,4.616718,0.01875407,0.01875407,0.138878,1,8,6,2,0,0,0,0,1,8,0,6,493.363,107.18,6.20124591,16.2152,5698.221,0.078215,0.250428,0.050709,0.506329,0.129775,0.118828,2023,1,,Official current police district boundaries downloaded 2026-07-15; not a historical 2023 boundary archive,https://data.cityofchicago.org/Public-Safety/Crimes-2001-to-Present/ijzp-q8t2
CA34_D01,2023,34,ARMOUR SQUARE,1,D01,City of Chicago current police district polygon; cross-district pairs are different-side pairs,-87.62989237730433,41.85111082309748,center_of_mass,0.079314,2.575658,0.03079361,0.03079392,0.024731,1,25,4,17,3,0,1,4,1,24,1,12,404.909,95.554,6.00366291,61.7422,5105.142,0.22591,0.113088,0.042969,0.16929,0.176591,0.235379,2023,1,,Official current police district boundaries downloaded 2026-07-15; not a historical 2023 boundary archive,https://data.cityofchicago.org/Public-Safety/Crimes-2001-to-Present/ijzp-q8t2
CA34_D02,2023,34,ARMOUR SQUARE,2,D02,City of Chicago current police district polygon; cross-district pairs are different-side pairs,-87.62971406646076,41.830063158594676,center_of_mass,0.118335,2.575658,0.04594363,0.04594409,0.03992,1,2,0,2,0,0,0,0,1,2,0,2,604.119,142.565,6.40377092,3.3106,5105.158,0.22591,0.113088,0.042969,0.16929,0.176591,0.235379,2023,1,,Official current police district boundaries downloaded 2026-07-15; not a historical 2023 boundary archive,https://data.cityofchicago.org/Public-Safety/Crimes-2001-to-Present/ijzp-q8t2
CA34_D09,2023,34,ARMOUR SQUARE,9,D09,City of Chicago current police district polygon; cross-district pairs are different-side pairs,-87.63432170016529,41.84237379277895,center_of_mass,2.377983,2.575658,0.92325276,0.923262,0.370545,1,1121,360,684,27,11,39,120,111,1113,8,22,12139.972,2864.882,9.40425876,92.3396,5105.155,0.22591,0.113088,0.042969,0.16929,0.176591,0.235379,2023,1,,Official current police district boundaries downloaded 2026-07-15; not a historical 2023 boundary archive,https://data.cityofchicago.org/Public-Safety/Crimes-2001-to-Present/ijzp-q8t2
CA35_D01,2023,35,DOUGLAS,1,D01,City of Chicago current police district polygon; cross-district pairs are different-side pairs,-87.61916757802172,41.841873498327814,center_of_mass,1.413571,4.267489,0.33124192,0.33248333,0.386343,1,1071,272,675,44,7,73,98,186,1063,8,23,6193.832,982.156,8.73130923,172.914,4381.691,0.233243,0.665629,0.076011,0.109614,0.166085,0.16995,2023,1,,Official current police district boundaries downloaded 2026-07-15; not a historical 2023 boundary archive,https://data.cityofchicago.org/Public-Safety/Crimes-2001-to-Present/ijzp-q8t2
CA35_D02,2023,35,DOUGLAS,2,D02,City of Chicago current police district polygon; cross-district pairs are different-side pairs,-87.61849589405523,41.831728791680405,center_of_mass,2.835912,4.267489,0.66453879,0.66702931,0.742377,1,2110,641,1241,56,29,143,184,318,2091,19,23,12426.089,1970.405,9.4275535,169.804,4381.691,0.233243,0.665629,0.076011,0.109614,0.166085,0.16995,2023,1,,Official current police district boundaries downloaded 2026-07-15; not a historical 2023 boundary archive,https://data.cityofchicago.org/Public-Safety/Crimes-2001-to-Present/ijzp-q8t2
CA35_D09,2023,35,DOUGLAS,9,D09,City of Chicago current police district polygon; cross-district pairs are different-side pairs,-87.62984673875202,41.84194698565291,center_of_mass,0.002072,4.267489,0.00048554,0.00048736,0.001017,1,1,0,0,1,0,0,1,0,1,0,1,9.079,1.44,2.20596665,110.144,4381.768,0.233243,0.665629,0.076011,0.109614,0.166085,0.16995,2023,0,intersection_area_below_0.01_km2;estimated_population_below_100,Official current police district boundaries downloaded 2026-07-15; not a historical 2023 boundary archive,https://data.cityofchicago.org/Public-Safety/Crimes-2001-to-Present/ijzp-q8t2
CA36_D02,2023,36,OAKLAND,2,D02,City of Chicago current police district polygon; cross-district pairs are different-side pairs,-87.60341160816803,41.82363095786123,center_of_mass,1.498594,1.568974,0.95514296,1,0.421847,1,981,299,560,25,7,90,80,246,975,6,20,4373,1040,8.38320455,224.3311,2918.069,0.347115,0.902355,0.029957,0.035445,0.30574,0.127144,2023,1,,Official current police district boundaries downloaded 2026-07-15; not a historical 2023 boundary archive,https://data.cityofchicago.org/Public-Safety/Crimes-2001-to-Present/ijzp-q8t2
CA37_D02,2023,37,FULLER PARK,2,D02,City of Chicago current police district polygon; cross-district pairs are different-side pairs,-87.62983594316835,41.8056410209962,center_of_mass,0.407711,1.847534,0.22067829,0.22067829,0.107699,1,128,42,58,8,4,16,29,19,128,0,18,482.403,94.892,6.17877933,265.3385,1183.198,0.432558,0.846295,0.10613,0.039341,0.199909,0.295059,2023,1,,Official current police district boundaries downloaded 2026-07-15; not a historical 2023 boundary archive,https://data.cityofchicago.org/Public-Safety/Crimes-2001-to-Present/ijzp-q8t2
CA37_D09,2023,37,FULLER PARK,9,D09,City of Chicago current police district polygon; cross-district pairs are different-side pairs,-87.6331575329051,41.8100607758574,center_of_mass,1.439823,1.847534,0.77932171,0.77932171,0.183021,1,598,230,286,47,11,24,97,113,593,5,19,1703.597,335.108,7.44049733,351.0219,1183.199,0.432558,0.846295,0.10613,0.039341,0.199909,0.295059,2023,1,,Official current police district boundaries downloaded 2026-07-15; not a historical 2023 boundary archive,https://data.cityofchicago.org/Public-Safety/Crimes-2001-to-Present/ijzp-q8t2
CA38_D02,2023,38,GRAND BOULEVARD,2,D02,City of Chicago current police district polygon; cross-district pairs are different-side pairs,-87.61785969076891,41.81294935894826,center_of_mass,4.498292,4.498292,1,1,0.976291,1,3847,1289,2107,152,35,264,364,858,3823,24,22,24808,5206,10.11892146,155.0709,5514.982,0.175375,0.884674,0.03261,0.052241,0.204047,0.149629,2023,1,,Official current police district boundaries downloaded 2026-07-15; not a historical 2023 boundary archive,https://data.cityofchicago.org/Public-Safety/Crimes-2001-to-Present/ijzp-q8t2
CA39_D02,2023,39,KENWOOD,2,D02,City of Chicago current police district polygon; cross-district pairs are different-side pairs,-87.5961882233564,41.80891697234529,center_of_mass,2.695703,2.696759,0.99960833,1,0.715663,1,2068,588,1266,38,16,160,103,409,2046,22,22,14368,2876,9.57275879,143.931,5329.964,0.196106,0.681445,0.026656,0.195156,0.212277,0.180818,2023,1,,Official current police district boundaries downloaded 2026-07-15; not a historical 2023 boundary archive,https://data.cityofchicago.org/Public-Safety/Crimes-2001-to-Present/ijzp-q8t2
CA40_D02,2023,40,WASHINGTON PARK,2,D02,City of Chicago current police district polygon; cross-district pairs are different-side pairs,-87.61738635252803,41.79388722831034,center_of_mass,3.376958,3.930731,0.85911692,0.85911692,0.913033,1,1955,710,987,118,21,119,210,494,1949,6,21,10620.403,2334.221,9.27053228,184.0796,3144.962,0.420317,0.945721,0.013833,0.018605,0.309416,0.083239,2023,1,,Official current police district boundaries downloaded 2026-07-15; not a historical 2023 boundary archive,https://data.cityofchicago.org/Public-Safety/Crimes-2001-to-Present/ijzp-q8t2
CA40_D03,2023,40,WASHINGTON PARK,3,D03,City of Chicago current police district polygon; cross-district pairs are different-side pairs,-87.61895127119308,41.78324619549849,center_of_mass,0.553774,3.930731,0.14088308,0.14088308,0.267257,1,634,271,297,25,5,36,55,212,629,5,22,1741.597,382.779,7.46255758,364.0338,3144.959,0.420317,0.945721,0.013833,0.018605,0.309416,0.083239,2023,1,,Official current police district boundaries downloaded 2026-07-15; not a historical 2023 boundary archive,https://data.cityofchicago.org/Public-Safety/Crimes-2001-to-Present/ijzp-q8t2
CA41_D02,2023,41,HYDE PARK,2,D02,City of Chicago current police district polygon; cross-district pairs are different-side pairs,-87.59397145900338,41.794802427307545,center_of_mass,3.58932,4.184085,0.85785052,0.86187417,0.628116,1,2388,577,1650,20,4,137,104,254,2373,15,21,20764.273,3166.526,9.94098912,115.0052,5785.016,0.081927,0.254981,0.073136,0.448489,0.133571,0.122074,2023,1,,Official current police district boundaries downloaded 2026-07-15; not a historical 2023 boundary archive,https://data.cityofchicago.org/Public-Safety/Crimes-2001-to-Present/ijzp-q8t2
CA41_D03,2023,41,HYDE PARK,3,D03,City of Chicago current police district polygon; cross-district pairs are different-side pairs,-87.58667270733808,41.78964981073367,point_on_feature_fallback,0.575232,4.184085,0.13748099,0.13812583,0,1,76,14,54,2,2,4,5,2,76,0,13,3327.727,507.474,8.11004491,22.8384,5785.018,0.081927,0.254981,0.073136,0.448489,0.133571,0.122074,2023,1,,Official current police district boundaries downloaded 2026-07-15; not a historical 2023 boundary archive,https://data.cityofchicago.org/Public-Safety/Crimes-2001-to-Present/ijzp-q8t2
CA42_D02,2023,42,WOODLAWN,2,D02,City of Chicago current police district polygon; cross-district pairs are different-side pairs,-87.59800897228193,41.78520021106126,center_of_mass,0.246859,5.363099,0.04602914,0.04606134,0.116948,1,37,5,27,2,0,3,0,3,37,0,11,1125.601,212.251,7.02607234,32.8713,4559.692,0.225477,0.776077,0.032042,0.099767,0.203544,0.119655,2023,1,,Official current police district boundaries downloaded 2026-07-15; not a historical 2023 boundary archive,https://data.cityofchicago.org/Public-Safety/Crimes-2001-to-Present/ijzp-q8t2
CA42_D03,2023,42,WOODLAWN,3,D03,City of Chicago current police district polygon; cross-district pairs are different-side pairs,-87.5947635367264,41.77857497282443,center_of_mass,5.112492,5.363099,0.95327183,0.95393867,0.623458,1,3697,1208,2030,201,51,207,402,772,3672,25,24,23311.399,4395.749,10.05669776,158.5919,4559.694,0.225477,0.776077,0.032042,0.099767,0.203544,0.119655,2023,1,,Official current police district boundaries downloaded 2026-07-15; not a historical 2023 boundary archive,https://data.cityofchicago.org/Public-Safety/Crimes-2001-to-Present/ijzp-q8t2
CA43_D03,2023,43,SOUTH SHORE,3,D03,City of Chicago current police district polygon; cross-district pairs are different-side pairs,-87.57671704007669,41.76571717802054,center_of_mass,4.425295,7.589166,0.58310692,0.58310693,0.761302,1,5472,1926,2918,232,35,361,502,1379,5440,32,24,26983.856,5494.617,10.20299405,202.7879,6097.64,0.243978,0.936533,0.031615,0.023036,0.225733,0.158527,2023,1,,Official current police district boundaries downloaded 2026-07-15; not a historical 2023 boundary archive,https://data.cityofchicago.org/Public-Safety/Crimes-2001-to-Present/ijzp-q8t2
CA43_D04,2023,43,SOUTH SHORE,4,D04,City of Chicago current police district polygon; cross-district pairs are different-side pairs,-87.56727893625579,41.75578716142805,center_of_mass,3.163871,7.589166,0.41689307,0.41689308,0.354713,1,3318,1269,1698,105,28,218,301,949,3296,22,25,19292.144,3928.383,9.86745324,171.9871,6097.639,0.243978,0.936533,0.031615,0.023036,0.225733,0.158527,2023,1,,Official current police district boundaries downloaded 2026-07-15; not a historical 2023 boundary archive,https://data.cityofchicago.org/Public-Safety/Crimes-2001-to-Present/ijzp-q8t2
CA44_D04,2023,44,CHATHAM,4,D04,City of Chicago current police district polygon; cross-district pairs are different-side pairs,-87.5982197528129,41.740254134687234,center_of_mass,0.196756,7.636406,0.0257655,0.0257655,0.113048,1,6,1,4,1,0,0,1,0,6,0,5,810.067,168.609,6.69711736,7.4068,4117.116,0.233802,0.945102,0.024905,0.010687,0.181743,0.185623,2023,1,,Official current police district boundaries downloaded 2026-07-15; not a historical 2023 boundary archive,https://data.cityofchicago.org/Public-Safety/Crimes-2001-to-Present/ijzp-q8t2
CA44_D06,2023,44,CHATHAM,6,D06,City of Chicago current police district polygon; cross-district pairs are different-side pairs,-87.61643939902247,41.74020472757555,center_of_mass,7.43965,7.636406,0.9742345,0.9742345,1.374194,0,6381,2263,3263,285,75,495,760,1445,6333,48,26,30629.933,6375.391,10.329733,208.3256,4117.12,0.233802,0.945102,0.024905,0.010687,0.181743,0.185623,2023,1,,Official current police district boundaries downloaded 2026-07-15; not a historical 2023 boundary archive,https://data.cityofchicago.org/Public-Safety/Crimes-2001-to-Present/ijzp-q8t2
CA45_D04,2023,45,AVALON PARK,4,D04,City of Chicago current police district polygon; cross-district pairs are different-side pairs,-87.58634084533251,41.7441925256258,center_of_mass,3.230542,3.233057,0.99922196,0.99922196,1.004686,0,1199,404,650,50,6,89,92,247,1188,11,23,9484.615,2411.123,9.15742627,126.4153,2935.921,0.174057,0.94016,0.005057,0.002845,0.203329,0.253371,2023,1,,Official current police district boundaries downloaded 2026-07-15; not a historical 2023 boundary archive,https://data.cityofchicago.org/Public-Safety/Crimes-2001-to-Present/ijzp-q8t2
CA45_D06,2023,45,AVALON PARK,6,D06,City of Chicago current police district polygon; cross-district pairs are different-side pairs,-87.59621609692721,41.755026286099465,point_on_feature_fallback,0.002515,3.233057,0.00077804,0.00077804,0.004984,1,0,0,0,0,0,0,0,0,0,0,0,7.385,1.877,1.999472,0,2936.444,0.174057,0.94016,0.005057,0.002845,0.203329,0.253371,2023,0,intersection_area_below_0.01_km2;estimated_population_below_100,Official current police district boundaries downloaded 2026-07-15; not a historical 2023 boundary archive,https://data.cityofchicago.org/Public-Safety/Crimes-2001-to-Present/ijzp-q8t2
CA46_D04,2023,46,SOUTH CHICAGO,4,D04,City of Chicago current police district polygon; cross-district pairs are different-side pairs,-87.55142918547718,41.74124281532055,center_of_mass,8.65217,8.65217,0.99999998,1,0.960626,1,4389,1653,2205,194,28,309,392,1097,4358,31,24,29072,6339,10.27753079,150.97,3360.082,0.236473,0.754953,0.192763,0.032574,0.26455,0.152036,2023,1,,Official current police district boundaries downloaded 2026-07-15; not a historical 2023 boundary archive,https://data.cityofchicago.org/Public-Safety/Crimes-2001-to-Present/ijzp-q8t2
CA47_D04,2023,47,BURNSIDE,4,D04,City of Chicago current police district polygon; cross-district pairs are different-side pairs,-87.59621584789747,41.72816950815045,center_of_mass,1.512801,1.576614,0.9595251,0.95952549,0.491771,1,322,90,174,24,2,32,30,81,320,2,19,2138.782,422.191,7.66799194,150.553,1413.79,0.070455,0.900404,0.048452,0.017945,0.202333,0.243607,2023,1,,Official current police district boundaries downloaded 2026-07-15; not a historical 2023 boundary archive,https://data.cityofchicago.org/Public-Safety/Crimes-2001-to-Present/ijzp-q8t2
CA47_D06,2023,47,BURNSIDE,6,D06,City of Chicago current police district polygon; cross-district pairs are different-side pairs,-87.60263521617017,41.72848397603807,center_of_mass,0.063813,1.576614,0.04047449,0.04047451,0.036119,1,19,8,6,3,0,2,5,5,19,0,9,90.218,17.809,4.50222536,210.6017,1413.782,0.070455,0.900404,0.048452,0.017945,0.202333,0.243607,2023,0,estimated_population_below_100,Official current police district boundaries downloaded 2026-07-15; not a historical 2023 boundary archive,https://data.cityofchicago.org/Public-Safety/Crimes-2001-to-Present/ijzp-q8t2
CA48_D04,2023,48,CALUMET HEIGHTS,4,D04,City of Chicago current police district polygon; cross-district pairs are different-side pairs,-87.5727177108965,41.72967612701538,center_of_mass,4.529285,4.529285,1,1,1.313827,0,1544,492,881,72,5,94,109,278,1529,15,22,12078,2901,9.39914089,127.8357,2666.646,0.121682,0.949661,0.041232,0.002318,0.179003,0.282497,2023,1,,Official current police district boundaries downloaded 2026-07-15; not a historical 2023 boundary archive,https://data.cityofchicago.org/Public-Safety/Crimes-2001-to-Present/ijzp-q8t2
CA49_D05,2023,49,ROSELAND,5,D05,City of Chicago current police district polygon; cross-district pairs are different-side pairs,-87.62256527229154,41.70350421567493,center_of_mass,8.636614,12.459613,0.69316867,0.69316867,0.869858,1,4442,1593,2158,259,69,363,588,1180,4411,31,26,26104.732,5894.706,10.16987188,170.1607,3022.566,0.180503,0.953399,0.018587,0.014047,0.212241,0.176394,2023,1,,Official current police district boundaries downloaded 2026-07-15; not a historical 2023 boundary archive,https://data.cityofchicago.org/Public-Safety/Crimes-2001-to-Present/ijzp-q8t2
CA49_D06,2023,49,ROSELAND,6,D06,City of Chicago current police district polygon; cross-district pairs are different-side pairs,-87.62365758314601,41.726330612288166,center_of_mass,1.870101,12.459613,0.15009302,0.15009302,0.513149,1,1005,349,513,64,22,57,113,222,1001,4,21,5652.503,1276.391,8.63985376,177.7973,3022.566,0.180503,0.953399,0.018587,0.014047,0.212241,0.176394,2023,1,,Official current police district boundaries downloaded 2026-07-15; not a historical 2023 boundary archive,https://data.cityofchicago.org/Public-Safety/Crimes-2001-to-Present/ijzp-q8t2
CA49_D22,2023,49,ROSELAND,22,D22,City of Chicago current police district polygon; cross-district pairs are different-side pairs,-87.63719279310028,41.70460972766607,center_of_mass,1.952899,12.459613,0.15673831,0.15673831,0.342008,1,666,221,349,30,7,59,80,155,659,7,20,5902.765,1332.903,8.68317612,112.8285,3022.565,0.180503,0.953399,0.018587,0.014047,0.212241,0.176394,2023,1,,Official current police district boundaries downloaded 2026-07-15; not a historical 2023 boundary archive,https://data.cityofchicago.org/Public-Safety/Crimes-2001-to-Present/ijzp-q8t2
CA50_D05,2023,50,PULLMAN,5,D05,City of Chicago current police district polygon; cross-district pairs are different-side pairs,-87.59825466726637,41.70612706243855,center_of_mass,5.473247,5.473247,1,1,0.743982,1,1098,389,553,46,8,102,162,276,1089,9,20,6851,1645,8.83214991,160.2686,1251.725,0.174468,0.772588,0.081594,0.123778,0.18012,0.172821,2023,1,,Official current police district boundaries downloaded 2026-07-15; not a historical 2023 boundary archive,https://data.cityofchicago.org/Public-Safety/Crimes-2001-to-Present/ijzp-q8t2
CA51_D04,2023,51,SOUTH DEERING,4,D04,City of Chicago current police district polygon; cross-district pairs are different-side pairs,-87.56977437250926,41.69065911564069,center_of_mass,27.886307,28.181466,0.98952648,0.98952648,2.174708,0,1987,627,1078,92,22,168,170,427,1973,14,20,14941.85,3305.018,9.61192127,132.9822,535.813,0.273054,0.643642,0.311722,0.045166,0.221391,0.173841,2023,1,,Official current police district boundaries downloaded 2026-07-15; not a historical 2023 boundary archive,https://data.cityofchicago.org/Public-Safety/Crimes-2001-to-Present/ijzp-q8t2
CA51_D05,2023,51,SOUTH DEERING,5,D05,City of Chicago current police district polygon; cross-district pairs are different-side pairs,-87.59688213117683,41.69265743677208,point_on_feature_fallback,0.295159,28.181466,0.01047352,0.01047352,0,1,83,11,71,1,0,0,15,4,81,2,10,158.15,34.982,5.06354491,524.8177,535.813,0.273054,0.643642,0.311722,0.045166,0.221391,0.173841,2023,1,,Official current police district boundaries downloaded 2026-07-15; not a historical 2023 boundary archive,https://data.cityofchicago.org/Public-Safety/Crimes-2001-to-Present/ijzp-q8t2
CA52_D04,2023,52,EAST SIDE,4,D04,City of Chicago current police district polygon; cross-district pairs are different-side pairs,-87.53490499516896,41.707314713737205,center_of_mass,7.719632,7.721743,0.99972653,1,0.664324,1,1477,504,714,74,15,170,134,399,1466,11,23,23629,5612,10.07023005,62.5079,3060.897,0.126871,0.015447,0.866689,0.112193,0.281688,0.105083,2023,1,,Official current police district boundaries downloaded 2026-07-15; not a historical 2023 boundary archive,https://data.cityofchicago.org/Public-Safety/Crimes-2001-to-Present/ijzp-q8t2
CA53_D05,2023,53,WEST PULLMAN,5,D05,City of Chicago current police district polygon; cross-district pairs are different-side pairs,-87.63573959827065,41.67382062195888,center_of_mass,9.217254,9.217712,0.99995031,1,0.61264,1,3610,1218,1830,248,51,263,443,997,3596,14,23,25159,5857,10.13297096,143.4874,2729.555,0.235616,0.891371,0.073771,0.011487,0.23121,0.166978,2023,1,,Official current police district boundaries downloaded 2026-07-15; not a historical 2023 boundary archive,https://data.cityofchicago.org/Public-Safety/Crimes-2001-to-Present/ijzp-q8t2
CA54_D05,2023,54,RIVERDALE,5,D05,City of Chicago current police district polygon; cross-district pairs are different-side pairs,-87.60285043332144,41.660139267859975,center_of_mass,9.126092,9.127155,0.99988356,1,0.981241,1,1287,578,563,60,3,83,113,444,1283,4,19,7740,1865,8.95415697,166.2791,848.118,0.517426,0.95155,0.032558,0.002326,0.398579,0.055168,2023,1,,Official current police district boundaries downloaded 2026-07-15; not a historical 2023 boundary archive,https://data.cityofchicago.org/Public-Safety/Crimes-2001-to-Present/ijzp-q8t2
CA55_D04,2023,55,HEGEWISCH,4,D04,City of Chicago current police district polygon; cross-district pairs are different-side pairs,-87.55682990251753,41.66819087330822,point_on_feature_fallback,13.530777,13.540396,0.99928963,1,2.61903,0,773,239,415,21,8,90,60,179,769,4,21,8895,2136,9.0932446,86.9028,657.39,0.099719,0.13783,0.486903,0.3638,0.224508,0.172232,2023,1,,Official current police district boundaries downloaded 2026-07-15; not a historical 2023 boundary archive,https://data.cityofchicago.org/Public-Safety/Crimes-2001-to-Present/ijzp-q8t2
CA56_D08,2023,56,GARFIELD RIDGE,8,D08,City of Chicago current police district polygon; cross-district pairs are different-side pairs,-87.76447595431686,41.79591734699634,center_of_mass,10.818383,10.936299,0.98921795,0.98952189,0.458513,1,2287,542,1417,62,18,248,263,259,2271,16,25,35885.011,8814.661,10.48807498,63.7313,3317.04,0.047261,0.032621,0.557976,0.382711,0.230194,0.165559,2023,1,,Official current police district boundaries downloaded 2026-07-15; not a historical 2023 boundary archive,https://data.cityofchicago.org/Public-Safety/Crimes-2001-to-Present/ijzp-q8t2
CA56_D10,2023,56,GARFIELD RIDGE,10,D10,City of Chicago current police district polygon; cross-district pairs are different-side pairs,-87.74213322231932,41.820946376480954,center_of_mass,0.114557,10.936299,0.01047489,0.01047811,0.112573,1,1,0,1,0,0,0,0,0,1,0,1,379.989,93.339,5.94014126,2.6317,3317.026,0.047261,0.032621,0.557976,0.382711,0.230194,0.165559,2023,1,,Official current police district boundaries downloaded 2026-07-15; not a historical 2023 boundary archive,https://data.cityofchicago.org/Public-Safety/Crimes-2001-to-Present/ijzp-q8t2
CA57_D08,2023,57,ARCHER HEIGHTS,8,D08,City of Chicago current police district polygon; cross-district pairs are different-side pairs,-87.72636308769593,41.81087932150427,center_of_mass,5.187541,5.187647,0.99997942,1,1.42404,0,1028,312,580,51,7,78,92,145,1021,7,23,13875,2950,9.53784393,74.0901,2674.678,0.075593,0.000721,0.799784,0.147243,0.247135,0.14818,2023,1,,Official current police district boundaries downloaded 2026-07-15; not a historical 2023 boundary archive,https://data.cityofchicago.org/Public-Safety/Crimes-2001-to-Present/ijzp-q8t2
CA58_D08,2023,58,BRIGHTON PARK,8,D08,City of Chicago current police district polygon; cross-district pairs are different-side pairs,-87.70929133905518,41.81422028621295,center_of_mass,1.674949,7.040138,0.23791428,0.23791428,0.420568,1,390,133,225,8,0,24,24,60,388,2,15,10078.049,2333.225,9.21811496,38.698,6016.929,0.171816,0.02212,0.797568,0.075378,0.253824,0.104863,2023,1,,Official current police district boundaries downloaded 2026-07-15; not a historical 2023 boundary archive,https://data.cityofchicago.org/Public-Safety/Crimes-2001-to-Present/ijzp-q8t2
CA58_D09,2023,58,BRIGHTON PARK,9,D09,City of Chicago current police district polygon; cross-district pairs are different-side pairs,-87.6970359239362,41.818549247678604,center_of_mass,5.365189,7.040138,0.76208572,0.76208572,0.608571,1,1922,795,894,76,11,146,179,388,1914,8,24,32281.951,7473.775,10.38226356,59.5379,6016.927,0.171816,0.02212,0.797568,0.075378,0.253824,0.104863,2023,1,,Official current police district boundaries downloaded 2026-07-15; not a historical 2023 boundary archive,https://data.cityofchicago.org/Public-Safety/Crimes-2001-to-Present/ijzp-q8t2
CA59_D09,2023,59,MCKINLEY PARK,9,D09,City of Chicago current police district polygon; cross-district pairs are different-side pairs,-87.67250270029346,41.829922252228286,center_of_mass,3.657829,3.657829,1,1,1.220961,0,970,317,567,26,9,51,89,144,963,7,21,15400,3618,9.64212279,62.987,4210.148,0.088447,0.022013,0.55026,0.143117,0.194935,0.117987,2023,1,,Official current police district boundaries downloaded 2026-07-15; not a historical 2023 boundary archive,https://data.cityofchicago.org/Public-Safety/Crimes-2001-to-Present/ijzp-q8t2
CA60_D09,2023,60,BRIDGEPORT,9,D09,City of Chicago current police district polygon; cross-district pairs are different-side pairs,-87.64878823100567,41.836150611650496,center_of_mass,5.407262,5.407284,0.99999583,1,1.355052,0,1629,481,984,32,16,116,153,284,1618,11,24,33012,7822,10.40462641,49.3457,6105.123,0.143569,0.030019,0.208379,0.34333,0.171271,0.156125,2023,1,,Official current police district boundaries downloaded 2026-07-15; not a historical 2023 boundary archive,https://data.cityofchicago.org/Public-Safety/Crimes-2001-to-Present/ijzp-q8t2
CA61_D09,2023,61,NEW CITY,9,D09,City of Chicago current police district polygon; cross-district pairs are different-side pairs,-87.65916684500388,41.809018523203115,center_of_mass,12.489411,12.489411,1,1,1.699035,0,4446,1769,1992,285,52,348,589,918,4413,33,24,40843,8902,10.61749073,108.8559,3270.21,0.25455,0.206792,0.668683,0.098817,0.266753,0.123718,2023,1,,Official current police district boundaries downloaded 2026-07-15; not a historical 2023 boundary archive,https://data.cityofchicago.org/Public-Safety/Crimes-2001-to-Present/ijzp-q8t2
CA62_D08,2023,62,WEST ELSDON,8,D08,City of Chicago current police district polygon; cross-district pairs are different-side pairs,-87.72420790440151,41.792981985285856,center_of_mass,3.034453,3.034453,1,1,1.713265,0,1070,305,644,44,10,67,90,178,1063,7,22,18201,3985,9.80923182,58.788,5998.116,0.067001,0.007033,0.812098,0.143179,0.257788,0.136531,2023,1,,Official current police district boundaries downloaded 2026-07-15; not a historical 2023 boundary archive,https://data.cityofchicago.org/Public-Safety/Crimes-2001-to-Present/ijzp-q8t2
CA63_D08,2023,63,GAGE PARK,8,D08,City of Chicago current police district polygon; cross-district pairs are different-side pairs,-87.69648999232851,41.79364494208643,point_on_feature_fallback,3.228557,5.685073,0.56790064,0.56790064,0,1,1447,509,730,76,11,121,144,277,1437,10,22,19677.757,4251.304,9.8872442,73.5348,6094.908,0.134518,0.040491,0.923088,0.028716,0.260952,0.125022,2023,1,,Official current police district boundaries downloaded 2026-07-15; not a historical 2023 boundary archive,https://data.cityofchicago.org/Public-Safety/Crimes-2001-to-Present/ijzp-q8t2
CA63_D09,2023,63,GAGE PARK,9,D09,City of Chicago current police district polygon; cross-district pairs are different-side pairs,-87.69148173591827,41.79910505241166,center_of_mass,2.456517,5.685073,0.43209936,0.43209936,0.597059,1,935,356,446,51,15,67,119,198,926,9,20,14972.243,3234.696,9.61395329,62.4489,6094.907,0.134518,0.040491,0.923088,0.028716,0.260952,0.125022,2023,1,,Official current police district boundaries downloaded 2026-07-15; not a historical 2023 boundary archive,https://data.cityofchicago.org/Public-Safety/Crimes-2001-to-Present/ijzp-q8t2
CA64_D08,2023,64,CLEARING,8,D08,City of Chicago current police district polygon; cross-district pairs are different-side pairs,-87.76851076279534,41.7795815241757,center_of_mass,6.599777,6.599832,0.99999164,1,0.591057,1,1248,307,774,28,5,134,77,266,1234,14,20,24710,5948,10.1149633,50.5059,3744.066,0.060356,0.019668,0.601862,0.361473,0.239215,0.130635,2023,1,,Official current police district boundaries downloaded 2026-07-15; not a historical 2023 boundary archive,https://data.cityofchicago.org/Public-Safety/Crimes-2001-to-Present/ijzp-q8t2
CA65_D08,2023,65,WEST LAWN,8,D08,City of Chicago current police district polygon; cross-district pairs are different-side pairs,-87.72692933404296,41.76977903177587,center_of_mass,7.636047,7.636047,0.99999997,1,1.251364,0,1860,461,1195,67,8,129,162,298,1848,12,24,32451,6972,10.38748654,57.3172,4249.712,0.109868,0.028628,0.840498,0.122646,0.272257,0.119811,2023,1,,Official current police district boundaries downloaded 2026-07-15; not a historical 2023 boundary archive,https://data.cityofchicago.org/Public-Safety/Crimes-2001-to-Present/ijzp-q8t2
CA66_D07,2023,66,CHICAGO LAWN,7,D07,City of Chicago current police district polygon; cross-district pairs are different-side pairs,-87.67866104331429,41.77210884360326,point_on_feature_fallback,0.062944,9.116911,0.00690406,0.00690406,0.013942,1,0,0,0,0,0,0,0,0,0,0,0,360.703,79.521,5.88805384,0,5730.532,0.194652,0.376266,0.582008,0.021878,0.250684,0.138578,2023,1,,Official current police district boundaries downloaded 2026-07-15; not a historical 2023 boundary archive,https://data.cityofchicago.org/Public-Safety/Crimes-2001-to-Present/ijzp-q8t2
CA66_D08,2023,66,CHICAGO LAWN,8,D08,City of Chicago current police district polygon; cross-district pairs are different-side pairs,-87.69578471767917,41.7718642504375,center_of_mass,9.053967,9.116911,0.99309594,0.99309594,1.406253,0,5284,1933,2623,214,128,386,620,1211,5232,52,26,51884.297,11438.479,10.85677147,101.842,5730.56,0.194652,0.376266,0.582008,0.021878,0.250684,0.138578,2023,1,,Official current police district boundaries downloaded 2026-07-15; not a historical 2023 boundary archive,https://data.cityofchicago.org/Public-Safety/Crimes-2001-to-Present/ijzp-q8t2
CA67_D06,2023,67,WEST ENGLEWOOD,6,D06,City of Chicago current police district polygon; cross-district pairs are different-side pairs,-87.66199379107132,41.757774694174174,point_on_feature_fallback,0.003966,8.158422,0.00048613,0.00048613,0,1,7,4,3,0,0,0,0,3,7,0,4,12.625,2.741,2.53570133,554.4431,3183.379,0.274388,0.790767,0.17997,0.010088,0.221863,0.192253,2023,0,intersection_area_below_0.01_km2;estimated_population_below_100,Official current police district boundaries downloaded 2026-07-15; not a historical 2023 boundary archive,https://data.cityofchicago.org/Public-Safety/Crimes-2001-to-Present/ijzp-q8t2
CA67_D07,2023,67,WEST ENGLEWOOD,7,D07,City of Chicago current police district polygon; cross-district pairs are different-side pairs,-87.66655900169995,41.77572053365327,center_of_mass,8.050452,8.158422,0.98676579,0.98676579,1.018973,0,4801,1778,2105,337,180,401,849,1234,4772,29,27,25627.294,5563.386,10.15141325,187.3393,3183.336,0.274388,0.790767,0.17997,0.010088,0.221863,0.192253,2023,1,,Official current police district boundaries downloaded 2026-07-15; not a historical 2023 boundary archive,https://data.cityofchicago.org/Public-Safety/Crimes-2001-to-Present/ijzp-q8t2
CA67_D08,2023,67,WEST ENGLEWOOD,8,D08,City of Chicago current police district polygon; cross-district pairs are different-side pairs,-87.67941433101754,41.789363324800334,center_of_mass,0.022599,8.158422,0.00277005,0.00277005,0.016433,1,0,0,0,0,0,0,0,0,0,0,0,71.941,15.618,4.2758459,0,3183.37,0.274388,0.790767,0.17997,0.010088,0.221863,0.192253,2023,0,estimated_population_below_100,Official current police district boundaries downloaded 2026-07-15; not a historical 2023 boundary archive,https://data.cityofchicago.org/Public-Safety/Crimes-2001-to-Present/ijzp-q8t2
CA67_D09,2023,67,WEST ENGLEWOOD,9,D09,City of Chicago current police district polygon; cross-district pairs are different-side pairs,-87.66677456196625,41.793825959740566,center_of_mass,0.081405,8.158422,0.00997803,0.00997803,0.021472,1,0,0,0,0,0,0,0,0,0,0,0,259.139,56.256,5.55736621,0,3183.335,0.274388,0.790767,0.17997,0.010088,0.221863,0.192253,2023,1,,Official current police district boundaries downloaded 2026-07-15; not a historical 2023 boundary archive,https://data.cityofchicago.org/Public-Safety/Crimes-2001-to-Present/ijzp-q8t2
CA68_D02,2023,68,ENGLEWOOD,2,D02,City of Chicago current police district polygon; cross-district pairs are different-side pairs,-87.62953630763359,41.79002522582991,center_of_mass,0.185669,7.945447,0.02336796,0.02336796,0.089941,1,65,23,29,7,2,4,11,15,64,1,12,498.602,106.207,6.21180851,130.3645,2685.436,0.330253,0.913905,0.05221,0.012935,0.245348,0.153208,2023,1,,Official current police district boundaries downloaded 2026-07-15; not a historical 2023 boundary archive,https://data.cityofchicago.org/Public-Safety/Crimes-2001-to-Present/ijzp-q8t2
CA68_D03,2023,68,ENGLEWOOD,3,D03,City of Chicago current police district polygon; cross-district pairs are different-side pairs,-87.62962440893084,41.78277430684684,center_of_mass,0.103708,7.945447,0.01305251,0.01305251,0.082053,1,54,24,20,5,0,5,10,9,53,1,11,278.501,59.324,5.62942311,193.8949,2685.438,0.330253,0.913905,0.05221,0.012935,0.245348,0.153208,2023,1,,Official current police district boundaries downloaded 2026-07-15; not a historical 2023 boundary archive,https://data.cityofchicago.org/Public-Safety/Crimes-2001-to-Present/ijzp-q8t2
CA68_D06,2023,68,ENGLEWOOD,6,D06,City of Chicago current police district polygon; cross-district pairs are different-side pairs,-87.64178440120871,41.7570950691578,center_of_mass,0.088535,7.945447,0.0111429,0.0111429,0.112718,1,67,21,33,7,0,6,13,18,64,3,13,237.756,50.644,5.47124518,281.8014,2685.447,0.330253,0.913905,0.05221,0.012935,0.245348,0.153208,2023,1,,Official current police district boundaries downloaded 2026-07-15; not a historical 2023 boundary archive,https://data.cityofchicago.org/Public-Safety/Crimes-2001-to-Present/ijzp-q8t2
CA68_D07,2023,68,ENGLEWOOD,7,D07,City of Chicago current police district polygon; cross-district pairs are different-side pairs,-87.64300030796021,41.77685695547166,center_of_mass,7.486847,7.945447,0.94228141,0.94228141,1.067867,0,4926,1976,2160,283,129,378,703,1364,4888,38,23,20105.458,4282.669,9.90874662,245.0081,2685.437,0.330253,0.913905,0.05221,0.012935,0.245348,0.153208,2023,1,,Official current police district boundaries downloaded 2026-07-15; not a historical 2023 boundary archive,https://data.cityofchicago.org/Public-Safety/Crimes-2001-to-Present/ijzp-q8t2
CA68_D09,2023,68,ENGLEWOOD,9,D09,City of Chicago current police district polygon; cross-district pairs are different-side pairs,-87.64297370349044,41.7941698615248,center_of_mass,0.080688,7.945447,0.01015521,0.01015521,0.020691,1,1,1,0,0,0,0,0,0,1,0,1,216.682,46.155,5.37842953,4.6151,2685.427,0.330253,0.913905,0.05221,0.012935,0.245348,0.153208,2023,1,,Official current police district boundaries downloaded 2026-07-15; not a historical 2023 boundary archive,https://data.cityofchicago.org/Public-Safety/Crimes-2001-to-Present/ijzp-q8t2
CA69_D03,2023,69,GREATER GRAND CROSSING,3,D03,City of Chicago current police district polygon; cross-district pairs are different-side pairs,-87.6119395323415,41.76777332246908,center_of_mass,4.954699,9.16998,0.54031732,0.54031732,1.034694,0,3306,1255,1612,208,26,205,385,866,3292,14,24,15697.299,3596.892,9.66124392,210.6095,3168.164,0.278354,0.947405,0.026022,0.010464,0.240672,0.172725,2023,1,,Official current police district boundaries downloaded 2026-07-15; not a historical 2023 boundary archive,https://data.cityofchicago.org/Public-Safety/Crimes-2001-to-Present/ijzp-q8t2
CA69_D04,2023,69,GREATER GRAND CROSSING,4,D04,City of Chicago current police district polygon; cross-district pairs are different-side pairs,-87.59559556885138,41.75503218225167,point_on_feature_fallback,0.055907,9.16998,0.00609676,0.00609676,0.045569,1,4,1,3,0,0,0,1,0,4,0,3,177.123,40.586,5.17684481,22.5832,3168.173,0.278354,0.947405,0.026022,0.010464,0.240672,0.172725,2023,1,,Official current police district boundaries downloaded 2026-07-15; not a historical 2023 boundary archive,https://data.cityofchicago.org/Public-Safety/Crimes-2001-to-Present/ijzp-q8t2
CA69_D06,2023,69,GREATER GRAND CROSSING,6,D06,City of Chicago current police district polygon; cross-district pairs are different-side pairs,-87.61792803261551,41.75472188755186,center_of_mass,2.926009,9.16998,0.31908564,0.31908564,0.404259,1,2289,804,1133,113,42,197,286,538,2276,13,24,9270.076,2124.153,9.13454686,246.9235,3168.164,0.278354,0.947405,0.026022,0.010464,0.240672,0.172725,2023,1,,Official current police district boundaries downloaded 2026-07-15; not a historical 2023 boundary archive,https://data.cityofchicago.org/Public-Safety/Crimes-2001-to-Present/ijzp-q8t2
CA69_D07,2023,69,GREATER GRAND CROSSING,7,D07,City of Chicago current police district polygon; cross-district pairs are different-side pairs,-87.62966157336635,41.76567852381138,center_of_mass,1.233365,9.16998,0.13450028,0.13450028,0.34318,1,1163,443,556,53,16,95,143,317,1151,12,21,3907.502,895.368,8.27065361,297.6326,3168.164,0.278354,0.947405,0.026022,0.010464,0.240672,0.172725,2023,1,,Official current police district boundaries downloaded 2026-07-15; not a historical 2023 boundary archive,https://data.cityofchicago.org/Public-Safety/Crimes-2001-to-Present/ijzp-q8t2
CA70_D06,2023,70,ASHBURN,6,D06,City of Chicago current police district polygon; cross-district pairs are different-side pairs,-87.679157030968,41.73978888753039,center_of_mass,0.559188,12.566109,0.04449968,0.04449971,0.28652,1,12,7,5,0,0,0,2,2,12,0,6,1906.457,439.746,7.55300161,6.2944,3409.33,0.080652,0.423043,0.464894,0.088091,0.240138,0.132043,2023,1,,Official current police district boundaries downloaded 2026-07-15; not a historical 2023 boundary archive,https://data.cityofchicago.org/Public-Safety/Crimes-2001-to-Present/ijzp-q8t2
CA70_D08,2023,70,ASHBURN,8,D08,City of Chicago current police district polygon; cross-district pairs are different-side pairs,-87.70972567223542,41.7460348262262,center_of_mass,12.006912,12.566109,0.95549964,0.95550029,1.218487,0,2427,719,1424,95,9,180,169,462,2405,22,24,40935.544,9442.254,10.619754,59.2883,3409.332,0.080652,0.423043,0.464894,0.088091,0.240138,0.132043,2023,1,,Official current police district boundaries downloaded 2026-07-15; not a historical 2023 boundary archive,https://data.cityofchicago.org/Public-Safety/Crimes-2001-to-Present/ijzp-q8t2
CA71_D06,2023,71,AUBURN GRESHAM,6,D06,City of Chicago current police district polygon; cross-district pairs are different-side pairs,-87.65552612784472,41.74488550604609,center_of_mass,7.994202,9.746383,0.82022251,0.82022278,0.998772,1,6068,2214,2980,269,84,521,688,1628,6009,59,25,38126.415,8723.889,10.54866264,159.1547,4769.258,0.238906,0.933976,0.033926,0.010563,0.238969,0.184584,2023,1,,Official current police district boundaries downloaded 2026-07-15; not a historical 2023 boundary archive,https://data.cityofchicago.org/Public-Safety/Crimes-2001-to-Present/ijzp-q8t2
CA71_D07,2023,71,AUBURN GRESHAM,7,D07,City of Chicago current police district polygon; cross-district pairs are different-side pairs,-87.66199379107132,41.757774694174174,point_on_feature_fallback,0.01537,9.746383,0.00157697,0.00157697,0,1,0,0,0,0,0,0,0,0,0,0,0,73.302,16.773,4.29459227,0,4769.182,0.238906,0.933976,0.033926,0.010563,0.238969,0.184584,2023,0,estimated_population_below_100,Official current police district boundaries downloaded 2026-07-15; not a historical 2023 boundary archive,https://data.cityofchicago.org/Public-Safety/Crimes-2001-to-Present/ijzp-q8t2
CA71_D22,2023,71,AUBURN GRESHAM,22,D22,City of Chicago current police district polygon; cross-district pairs are different-side pairs,-87.6502127572485,41.733181914123485,center_of_mass,1.736807,9.746383,0.1782002,0.17820026,0.311032,1,822,251,440,34,13,84,96,185,818,4,22,8283.283,1895.338,9.02199462,99.236,4769.259,0.238906,0.933976,0.033926,0.010563,0.238969,0.184584,2023,1,,Official current police district boundaries downloaded 2026-07-15; not a historical 2023 boundary archive,https://data.cityofchicago.org/Public-Safety/Crimes-2001-to-Present/ijzp-q8t2
CA72_D22,2023,72,BEVERLY,22,D22,City of Chicago current police district polygon; cross-district pairs are different-side pairs,-87.6750741388329,41.71315040356824,center_of_mass,8.235307,8.235701,0.99995212,1,0.564611,1,1018,248,635,15,10,110,110,170,1004,14,24,19811,5138,9.89399261,51.3856,2405.618,0.031141,0.336732,0.070113,0.553935,0.215789,0.195699,2023,1,,Official current police district boundaries downloaded 2026-07-15; not a historical 2023 boundary archive,https://data.cityofchicago.org/Public-Safety/Crimes-2001-to-Present/ijzp-q8t2
CA73_D06,2023,73,WASHINGTON HEIGHTS,6,D06,City of Chicago current police district polygon; cross-district pairs are different-side pairs,-87.63369486424791,41.726595333073995,center_of_mass,0.001935,7.387442,0.00026196,0.00026196,0.001725,1,0,0,0,0,0,0,0,0,0,0,0,6.892,1.68,1.93038564,0,3561.844,0.143102,0.96545,0.009426,0.014671,0.203421,0.194147,2023,0,intersection_area_below_0.01_km2;estimated_population_below_100,Official current police district boundaries downloaded 2026-07-15; not a historical 2023 boundary archive,https://data.cityofchicago.org/Public-Safety/Crimes-2001-to-Present/ijzp-q8t2
CA73_D22,2023,73,WASHINGTON HEIGHTS,22,D22,City of Chicago current police district polygon; cross-district pairs are different-side pairs,-87.64889947137813,41.71749149773967,center_of_mass,7.385507,7.387442,0.99973804,0.99973804,1.285772,0,3249,998,1906,88,38,219,301,709,3224,25,22,26303.108,6413.32,10.17744238,123.5215,3561.449,0.143102,0.96545,0.009426,0.014671,0.203421,0.194147,2023,1,,Official current police district boundaries downloaded 2026-07-15; not a historical 2023 boundary archive,https://data.cityofchicago.org/Public-Safety/Crimes-2001-to-Present/ijzp-q8t2
CA74_D22,2023,74,MOUNT GREENWOOD,22,D22,City of Chicago current police district polygon; cross-district pairs are different-side pairs,-87.71321292739842,41.69488048394601,center_of_mass,7.000818,7.01174,0.99844242,0.99875305,0.602883,1,547,154,317,11,7,58,62,118,543,4,20,19083.175,4413.49,9.85656231,28.664,2725.849,0.035755,0.018004,0.095986,0.839535,0.255194,0.138169,2023,1,,Official current police district boundaries downloaded 2026-07-15; not a historical 2023 boundary archive,https://data.cityofchicago.org/Public-Safety/Crimes-2001-to-Present/ijzp-q8t2
CA74_D31,2023,74,MOUNT GREENWOOD,31,D31,City of Chicago current police district polygon; cross-district pairs are different-side pairs,-87.69595546254916,41.69527379258446,center_of_mass,0.008741,7.01174,0.00124656,0.00124695,0.005127,1,0,0,0,0,0,0,0,0,0,0,0,23.825,5.51,3.17075358,0,2725.71,0.035755,0.018004,0.095986,0.839535,0.255194,0.138169,2023,0,intersection_area_below_0.01_km2;estimated_population_below_100,Official current police district boundaries downloaded 2026-07-15; not a historical 2023 boundary archive,https://data.cityofchicago.org/Public-Safety/Crimes-2001-to-Present/ijzp-q8t2
CA75_D22,2023,75,MORGAN PARK,22,D22,City of Chicago current police district polygon; cross-district pairs are different-side pairs,-87.6690536957667,41.689751488008454,center_of_mass,8.507509,8.523127,0.99816755,1,0.826968,1,1970,620,1092,56,38,164,248,394,1953,17,23,21288,5038,9.96589882,92.5404,2502.26,0.150655,0.599868,0.046082,0.304632,0.241263,0.206407,2023,1,,Official current police district boundaries downloaded 2026-07-15; not a historical 2023 boundary archive,https://data.cityofchicago.org/Public-Safety/Crimes-2001-to-Present/ijzp-q8t2
CA76_D16,2023,76,OHARE,16,D16,City of Chicago current police district polygon; cross-district pairs are different-side pairs,-87.88760457319272,41.97385750666993,center_of_mass,34.472603,34.493007,0.99940845,0.99998623,0.575683,1,1860,352,1119,18,205,166,480,108,1736,124,22,16280.776,4260.941,9.69774029,114.2452,472.282,0.075334,0.066274,0.185062,0.578466,0.176218,0.136785,2023,1,,Official current police district boundaries downloaded 2026-07-15; not a historical 2023 boundary archive,https://data.cityofchicago.org/Public-Safety/Crimes-2001-to-Present/ijzp-q8t2
CA76_D31,2023,76,OHARE,31,D31,City of Chicago current police district polygon; cross-district pairs are different-side pairs,-87.84170748470592,41.96650382524808,point_on_feature_fallback,0.000475,34.493007,0.00001376,0.00001377,0,1,13,5,6,0,0,2,2,0,13,0,7,0.224,0.059,0,57995.3054,471.908,0.075334,0.066274,0.185062,0.578466,0.176218,0.136785,2023,0,intersection_area_below_0.01_km2;estimated_population_below_100,Official current police district boundaries downloaded 2026-07-15; not a historical 2023 boundary archive,https://data.cityofchicago.org/Public-Safety/Crimes-2001-to-Present/ijzp-q8t2
CA77_D20,2023,77,EDGEWATER,20,D20,City of Chicago current police district polygon; cross-district pairs are different-side pairs,-87.66296535147255,41.98318026930321,center_of_mass,3.074763,4.494217,0.68415987,0.68415989,0.790641,1,2202,592,1421,11,18,160,269,247,2184,18,22,32486.648,5789.361,10.38858445,67.7817,10565.578,0.086977,0.119703,0.163339,0.546268,0.11804,0.154347,2023,1,,Official current police district boundaries downloaded 2026-07-15; not a historical 2023 boundary archive,https://data.cityofchicago.org/Public-Safety/Crimes-2001-to-Present/ijzp-q8t2
CA77_D24,2023,77,EDGEWATER,24,D24,City of Chicago current police district polygon; cross-district pairs are different-side pairs,-87.6643939265271,41.9943616600115,center_of_mass,1.419454,4.494217,0.31584011,0.31584012,0.388627,1,1147,267,802,6,3,69,96,144,1141,6,22,14997.352,2672.639,9.61562894,76.4802,10565.578,0.086977,0.119703,0.163339,0.546268,0.11804,0.154347,2023,1,,Official current police district boundaries downloaded 2026-07-15; not a historical 2023 boundary archive,https://data.cityofchicago.org/Public-Safety/Crimes-2001-to-Present/ijzp-q8t2
